<?xml version="1.0" encoding="utf-8"?>
<modification>
  <name><![CDATA[Checkout if logged]]></name>
  <code><![CDATA[chekcout_if_logged]]></code>
	<version><![CDATA[1.0]]></version>
	<author><![CDATA[REDS PRAI]]></author>
	<link><![CDATA[https://www.agenciaprai.com/]]></link>
		
    <!--file path="catalog/controller/checkout/cart.php" error="skip">
			<operation>
				<search><![CDATA[public function index() {]]></search>
				<add position="after"><![CDATA[
				// redirect login
		if (!$this->customer->isLogged()) {
      $this->session->data['redirect'] = $this->url->link('checkout/cart', '', true);

      $this->response->redirect($this->url->link('account/login', '', true)); 
    }
				]]></add>
			</operation>
    </file-->
		<file path="catalog/controller/checkout/checkout.php" error="skip">
			<operation>
				<search><![CDATA[public function index() {]]></search>
				<add position="after"><![CDATA[
				// redirect login
		if (!$this->customer->isLogged()) {
      $this->session->data['redirect'] = $this->url->link('checkout/checkout', '', true);

      $this->response->redirect($this->url->link('account/login', '', true)); 
    }
				]]></add>
			</operation>
    </file>
</modification>